"","Predictor","Response","n","edf","ref df","n parameters","p","Adjusted R^2","Family","Smoother"
"1","MSIR","GR",394,5.24503610241553,6.37453891430163,10,"<2e-16",0.936363899606559,"Scaled t(4.23,0.029)","TP"
"2","MSIR","AE",394,5.0395191064073,6.15081670843753,10,"<2e-16",0.495877727787396,"Scaled t(5.664,0.038)","TP"
"3","MSIR","GE",395,4.9776845382728,5.70222645716365,10,"<2e-16",0.341622757497886,"Scaled t(5.415,0.021)","AD"
"4","GR","GE",393,4.83378576998206,5.51822987793333,10,"<2e-16",0.31961675760963,"Scaled t(10.325,0.023)","AD"
