"","C","N","P","Na","Mg","S","K","Ca"
"max",54.9879725342225,7.86035713782279,9052.10152038687,698.520431657065,2283.48015638776,3242.38522838477,28268.9855745366,950.816176572356
"min",48.5145688079993,6.61356035138786,6194.54574233418,356.781036840958,2080.81331932253,2691.92323700245,23045.810143474,684.146592501414
"IR_0.4",49.6246910590627,7.62873167391194,8561.00859240067,635.536970571413,2230.70376047541,3137.5164346436,27552.9929716597,894.964693747722
"IR_0.8",52.5432815559934,7.03542580728028,7269.20336854407,478.646264784122,2120.50479058569,2880.37322702811,25548.9917351269,763.809861999425
"IR_1.2",55.2463821798462,6.57074850690654,6080.25351818517,344.029541290229,2077.29855526067,2672.35624113119,22759.9532505137,676.136544343974
