"","C","N","P","Na","Mg","S","K","Ca"
"max",45.067083655722,4.37772382804896,5630.03574983364,516.180756840837,1127.48747797188,2376.80326647691,3719.10970259011,1152.71259232704
"min",43.0790564975926,3.46589727943379,5016.41680921684,182.971657711944,770.470334206613,2077.36145063891,963.895946135014,1111.94630566285
"IR_0.4",43.3657754368312,3.60017637984663,5091.97260963947,220.946594625676,820.245572210476,2125.92011937518,1352.95463269064,1127.48325600673
"IR_0.8",44.12735878301,3.96390655933784,5332.34806154489,338.244512851675,957.616653473272,2253.64695482577,2481.9821667003,1152.01091200684
"IR_1.2",44.8472990409655,4.28298802010186,5562.25009817865,473.803798363512,1088.1173672624,2350.92130358015,3448.47592889348,1149.92231639614
