"","C","N","P","Na","Mg","S","K","Ca"
"max",45.0670836557229,4.37772382804903,5630.03574983374,516.180756840842,1127.4874779719,2376.80326647695,3719.10970259015,1152.71259232704
"min",43.0790564975928,3.46589727943381,5016.41680921686,182.971657711945,770.470334206617,2077.36145063892,963.895946135024,1111.94630566285
"IR_0.4",43.3657754368312,3.60017637984663,5091.97260963947,220.946594625676,820.245572210477,2125.92011937518,1352.95463269064,1127.48325600673
"IR_0.8",44.1273587830099,3.96390655933783,5332.34806154488,338.244512851674,957.61665347327,2253.64695482577,2481.9821667003,1152.01091200683
"IR_1.2",44.847299040966,4.2829880201019,5562.25009817871,473.803798363516,1088.11736726241,2350.92130358017,3448.4759288935,1149.92231639616
