"","C","N","P","Na","Mg","S","K","Ca"
"max",56.3704019367722,7.76604310056033,8984.61355502921,685.880121979105,2242.32373507907,3216.47168643283,28679.4484496466,927.646712859298
"min",48.5176106014401,6.60283975653185,5798.5238453038,318.159060993438,2124.59569041675,2641.95982704288,20838.5125042661,683.183069435586
"IR_0.4",49.6132467567358,7.56656751081104,8517.96567463843,628.288558217028,2205.66842947463,3122.11899103795,27842.8328728351,880.753687419091
"IR_0.8",52.6122514348674,7.05731342365912,7261.88212852448,479.027305311855,2133.06994868391,2883.17496474548,25331.5808317418,769.262011632151
"IR_1.2",55.4883650924748,6.69936458186293,6134.72081468422,354.298797948035,2126.59074271276,2695.59655120045,21964.8608932189,701.305784999508
