"","isotope","variable","equation","F_stat","p_value"
"1","13C","tf","-1.59 -4.09 . msir",55.072840524499,6.25271983193591e-11
"2","15N","tf","0.12 6.83 . msir",120.438808092949,2.76428170773438e-18
"3","13C","fldf","3.49 2.45 . msir",19.981557618648,2.27145152450543e-05
"4","15N","fldf","0.01 -4.39 . msir",12.995072134956,0.000511863281418885
"5","13C","ffdf","1.91 -1.74 . msir",15.8388183962557,0.00013233771099933
"6","15N","ffdf","0.18 2.35 . msir",3.70783905360468,0.0570561819580072
