"","isotope","variable","edf","p_value"
"1","13C","tf",2.24500574785913,0
"2","15N","tf",2.42847866394109,0
"3","13C","fldf",1.0000000011058,2.30642911636658e-05
"4","15N","fldf",2.68037107685479,2.52418790480657e-07
"5","13C","ffdf",2.25060820281532,6.96811627524108e-05
"6","15N","ffdf",2.48020786216038,0.00125835180964462
